-- MySQL dump 10.13  Distrib 8.0.40, for Win64 (x86_64)
--
-- Host: localhost    Database: sys
-- ------------------------------------------------------
-- Server version	8.0.40

/*!40101 SET @OLD_CHARACTER_SET_CLIENT=@@CHARACTER_SET_CLIENT */;
/*!40101 SET @OLD_CHARACTER_SET_RESULTS=@@CHARACTER_SET_RESULTS */;
/*!40101 SET @OLD_COLLATION_CONNECTION=@@COLLATION_CONNECTION */;
/*!50503 SET NAMES utf8 */;
/*!40103 SET @OLD_TIME_ZONE=@@TIME_ZONE */;
/*!40103 SET TIME_ZONE='+00:00' */;
/*!40014 SET @OLD_UNIQUE_CHECKS=@@UNIQUE_CHECKS, UNIQUE_CHECKS=0 */;
/*!40014 SET @OLD_FOREIGN_KEY_CHECKS=@@FOREIGN_KEY_CHECKS, FOREIGN_KEY_CHECKS=0 */;
/*!40101 SET @OLD_SQL_MODE=@@SQL_MODE, SQL_MODE='NO_AUTO_VALUE_ON_ZERO' */;
/*!40111 SET @OLD_SQL_NOTES=@@SQL_NOTES, SQL_NOTES=0 */;

--
-- Table structure for table `cookingmethods`
--

DROP TABLE IF EXISTS `cookingmethods`;
/*!40101 SET @saved_cs_client     = @@character_set_client */;
/*!50503 SET character_set_client = utf8mb4 */;
CREATE TABLE `cookingmethods` (
  `MethodID` int NOT NULL,
  `MethodName` text,
  `Description` text,
  PRIMARY KEY (`MethodID`)
) ENGINE=InnoDB DEFAULT CHARSET=utf8mb4 COLLATE=utf8mb4_0900_ai_ci;
/*!40101 SET character_set_client = @saved_cs_client */;

--
-- Dumping data for table `cookingmethods`
--

LOCK TABLES `cookingmethods` WRITE;
/*!40000 ALTER TABLE `cookingmethods` DISABLE KEYS */;
INSERT INTO `cookingmethods` VALUES (2,'Sauteing','Cooking food on a pan with a small amount of oil or fat'),(3,'Grilling','Cooking food over direct heat'),(4,'Baking','Cooking using dry heat in the oven'),(5,'Steaming','Cooking with the stream from boiling water');
/*!40000 ALTER TABLE `cookingmethods` ENABLE KEYS */;
UNLOCK TABLES;

--
-- Table structure for table `recipemethods`
--

DROP TABLE IF EXISTS `recipemethods`;
/*!40101 SET @saved_cs_client     = @@character_set_client */;
/*!50503 SET character_set_client = utf8mb4 */;
CREATE TABLE `recipemethods` (
  `RecipeID` int NOT NULL,
  `MethodID` int NOT NULL,
  PRIMARY KEY (`RecipeID`,`MethodID`)
) ENGINE=InnoDB DEFAULT CHARSET=utf8mb4 COLLATE=utf8mb4_0900_ai_ci;
/*!40101 SET character_set_client = @saved_cs_client */;

--
-- Dumping data for table `recipemethods`
--

LOCK TABLES `recipemethods` WRITE;
/*!40000 ALTER TABLE `recipemethods` DISABLE KEYS */;
INSERT INTO `recipemethods` VALUES (1,3),(2,3),(3,3),(4,3),(5,3),(6,3),(7,3),(8,3),(9,3),(10,3),(11,4),(12,4),(13,4),(14,4),(15,4),(16,4),(17,4),(18,4),(19,4),(20,4),(21,5),(22,5),(23,5),(24,5),(25,5),(26,5),(27,5),(28,5),(29,5),(30,5),(31,2),(32,2),(33,2),(34,2),(35,2),(36,2),(37,2),(38,2),(39,2),(40,2);
/*!40000 ALTER TABLE `recipemethods` ENABLE KEYS */;
UNLOCK TABLES;

--
-- Table structure for table `recipes`
--

DROP TABLE IF EXISTS `recipes`;
/*!40101 SET @saved_cs_client     = @@character_set_client */;
/*!50503 SET character_set_client = utf8mb4 */;
CREATE TABLE `recipes` (
  `ID` int NOT NULL,
  `Name` text,
  `Prep` int DEFAULT NULL,
  `Cook` int DEFAULT NULL,
  `Description` text,
  `Servings` int DEFAULT NULL,
  `Ingredients` text,
  `Instructions` text,
  PRIMARY KEY (`ID`)
) ENGINE=InnoDB DEFAULT CHARSET=utf8mb4 COLLATE=utf8mb4_0900_ai_ci;
/*!40101 SET character_set_client = @saved_cs_client */;

--
-- Dumping data for table `recipes`
--

LOCK TABLES `recipes` WRITE;
/*!40000 ALTER TABLE `recipes` DISABLE KEYS */;
INSERT INTO `recipes` VALUES (1,'Chicken Breast',15,15,'This grilled chicken breast and marinade is so easy and versatile. My friends and family beg me to make this recipe when the grill is brought out.',4,'4 skinless, boneless chicken breast halves, 1/4 cup lemon juice, plus wedges for serving, 1/4 cup olive oil, 2 teaspoons dried oregano or parsley, 1 teaspoon seasoning salt ,1/2 teaspoon ground black pepper,  1/2 teaspoon onion powder',' 1 Gather the ingredients.,  2 Preheat an outdoor grill for medium-high heat, and lightly oil the grate.,  3 Working with one chicken breast at a time, place chicken breast between two sheets of plastic wrap or parchment paper on a cutting board. Using a meat mallet or a rolling pin, gently pound each breast to 1/2-inch thickness.,  4 Add lemon juice, olive oil, dried oregano or parsley, seasoning salt, black pepper, and onion powder to a large zip-top bag; add chicken and press out as much air as possible before sealing bag. Gently massage chicken to distribute marinade. Marinate chicken in the refrigerator for at least 30 minutes or up to 12 hours.,  5 Preheat grill to medium-high and lightly oil the grate. 6 Place chicken breasts, smooth side down on preheated grill; cook, covered, until no longer pink and juices run clear, about 5 minutes per side. An instant-read thermometer inserted into the center should read at least 165 degrees F (74 degrees C).,  7 Transfer chicken to a cutting board and tent with aluminum foil. Let rest 5 minutes.,  8 Serve with lemon wedges. '),(2,'Beef Burgers',5,15,'This hamburger patty recipe uses ground beef and an easy bread crumb mixture. Nothing beats a simple hamburger on a warm summer evening! Enjoy on ciabatta, Kaiser, or potato rolls topped with your favorite condiments.',4,'1 large egg, 1/2 teaspoon salt, 1/2 teaspoon ground black pepper, 1 pound ground beef, 1/2 cup fine dry bread crumbs',' 1 Preheat an outdoor grill for high heat and lightly oil grate.,  2 Whisk egg, salt, and pepper together in a medium bowl.,  3 Add ground beef and bread crumbs; mix with your hands or a fork until well blended.,  4 Form into four 3/4-inch-thick patties.,  5 Place patties on the preheated grill. Cover and cook 6 to 8 minutes per side, or to desired doneness. An instant-read thermometer inserted into the center should read at least 160 degrees F (70 degrees C).,  6 Serve hot and enjoy!'),(3,'Grilled Vegetables',15,10,'These grilled vegetables are quick and easy to make for the perfect summer side dish to grilled meats. Mushrooms, zucchini, bell pepper, and red onion are brushed with an olive oil and balsamic marinade thats full of Mediterranean flavors.',6,'2 tablespoons olive oil, 1 teaspoon balsamic vinegar, 1 teaspoon lemon juice, 1/2 teaspoon dried rosemary, 1/2 teaspoon dried oregano, 8 large mushrooms, quartered, 1 large zucchini, quartered, 1 large green bell pepper, cut into pieces, 1 large red onion, cut into pieces','1 Preheat an outdoor grill for high heat., 2 Stir olive oil, balsamic vinegar, lemon juice, rosemary, and oregano together in a bowl., 3 Place mushrooms, zucchini, bell pepper, and onion in a deep grill-safe pan and brush with oil mixture.,  4 Place the pan on the preheated grill and cook until tender, turning once, 10 to 15 minutes.'),(4,'Grilled Salmon',10,15,'This grilled salmon tastes so good! A simple soy sauce and brown sugar marinade, with hints of lemon and garlic, are the perfect salty-sweet complement to rich salmon fillets. Even my 9-year-old loves this recipe! Serve with a side of grilled zucchini or grilled corn.',6,'1 1/2 pounds salmon fillets, lemon pepper to taste, garlic powder to taste, salt to taste, 1/3 cup soy sauce, 1/3 cup brown sugar, 1/3 cup water, 1/4cup vegetable oil',' 1 Gather all ingredients.,  2 Season salmon fillets with lemon pepper, garlic powder, and salt.,  3 Stir soy sauce, brown sugar, water, and vegetable oil together in a small bowl until sugar is dissolved. Place fish in a large resealable plastic bag; add soy sauce mixture, seal, and turn to coat. Refrigerate for at least 2 hours.,  4 Preheat an outdoor grill for medium heat and lightly oil the grate.,  5 Place salmon on the preheated grill, and discard marinade. Cook salmon until fish flakes easily with a fork, about 6 to 8 minutes per side.,  6 Serve and enjoy!'),(5,'BBQ Pork Ribs',15,120,'Homemade rib marinade is used in this barbecue ribs recipe thats easier than it looks. I usually cook the ribs the day before and grill them for a quick dinner the next night. The sauce is much better after it is cooked; it is not a dipping sauce.',8,'4 pounds pork spareribs, 1 cup brown sugar, 1/2 cup chile sauce, 1/4cup ketchup, 1/4cup soy sauce, 1/4 cup Worcestershire sauce, 1/4 cup rum, 2 cloves garlic, crushed, 1 teaspoon dry mustard, 1 dash ground black pepper, cooking spray','1 Preheat the oven to 350 degrees F (175 degrees C)., 2 Cut spareribs into serving size portions; wrap in double thickness of foil.,  3 Bake in the preheated oven for 1 ½ hours. Unwrap and drain drippings. (I usually freeze drippings to use later in soups.) Place ribs in a large roasting pan.,  4 Mix brown sugar, chile sauce, ketchup, soy sauce, Worcestershire sauce, rum, garlic, mustard, and pepper together in a bowl. Coat ribs with sauce and marinate at room temperature for 1 hour or refrigerate for 8 hours to overnight.,  5 Preheat the grill to medium heat. Position the grate 4 inches above heat source; grease the grate with cooking spray.,  6 Cook ribs on the preheated grill for 30 minutes, basting with marinade.'),(6,'Garlic Shrimp and Herb',10,5,'This is an easy recipe to prep for grilled shrimp using a marinade made with fresh garlic, lemon juice, olive oil, Italian herb seasoning, brown sugar, and paprika. Every time I make it I have people begging me for the recipe.',4,' 2 teaspoons ground paprika, 2 tablespoons fresh minced garlic, 2 teaspoons Italian seasoning, or to taste, 2 tablespoons fresh lemon juice, 1/4 cup olive oil, 1/2 teaspoon ground black pepper, 2 teaspoons dried basil leaves, 2 tablespoons brown sugar, packed, 2 pounds large shrimp (21-25 per pound), peeled and deveined',' 1 Whisk the paprika, garlic, Italian seasoning, lemon juice, olive oil, pepper, basil, and brown sugar together in a bowl until thoroughly blended.,  2 Stir in the shrimp, and toss to evenly coat with the marinade. Cover and refrigerate at least 2 hours, turning once.,  3 Preheat an outdoor grill for medium-high heat. Lightly oil grill grate, and place about 4 inches from heat source.,  4 Remove shrimp from marinade, drain excess, and discard marinade.,  5 Place shrimp on preheated grill and cook, turning once, until opaque in the center, 5 to 6 minutes. Serve immediately.'),(7,'Lemon Herb Chicken',10,15,'Grilled lemon chicken makes a great summer meal paired with rice and a salad. The chicken only needs to marinate for 20 minutes.',4,'1/3 cup lemon juice, 1/4 cup olive oil, 1 tablespoon Dijon mustard, 2 large cloves garlic, finely chopped, 2 tablespoons finely chopped red bell pepper, 1/2 teaspoon salt, 1/4 teaspoon ground black pepper, 4 skinless, boneless chicken breast halves.','Combine lemon juice, olive oil, Dijon mustard, garlic, red bell pepper, salt, and pepper together in a bowl. Set aside 1/4 cup of the marinade to use for basting. Place chicken breasts in the bowl and stir to coat. Marinate at least 20 minutes in the refrigerator., 2 Preheat an outdoor grill for high heat and lightly oil the grate., 3 Remove chicken from marinade and shake off excess; discard the remaining marinade in the bowl. Cook chicken on the preheated grill until no longer pink in the center, about 6 to 8 minutes per side, basting occasionally with the reserved marinade. An instant-read thermometer inserted into the center should read at least 165 degrees F (74 degrees C).'),(8,'Grilled Corn on the Cob',10,30,'Grilled corn on the cob with butter, salt, and a little pepper cooked in foil will be perfectly tender and sweet. Easy to prep and perfect for every summer barbecue.',6,'6 ears corn, 6 tablespoons butter, softened, salt and ground black pepper to taste.','Preheat an outdoor grill for high heat and lightly oil grate., Peel back corn husks and remove silk., Place 1 tablespoon butter, salt and pepper on each piece of corn. Close husks., Wrap each ear of corn tightly in aluminum foil., Cook on the preheated grill, turning occasionally, until tender, about 30 minutes., Serve hot and enjoy!'),(9,'Grilled Pork Chop',5,10,' These grilled pork chops are simple to prepare with an easy marinade you can make in the morning for a tasty dinner that cooks on the grill in just 10 minutes.',6,'1/2 cup water, 1/3 cup light soy sauce, 1/4 cup vegetable oil, 3 tablespoons lemon pepper seasoning, 2 teaspoons minced garlic, 6 boneless pork loin chops, trimmed of fat.','Preheat an outdoor grill for medium-high heat, lightly oil the grate, remove pork chops from the marinade, shake off excess, discard the remaining marinade, cook the pork chops on the preheated grill until no longer pink in the center, 5 to 6 minutes per side, an instant-read thermometer inserted into the center should read 145 degrees F (63 degrees C), serve hot and enjoy!'),(10,'Steak Fajitas',30,10,'Easy grilled steak fajitas. Very delicious! You can add sour cream, tomatoes, or anything you like if you want to.',6,'1 (1 1/4 pound) flank steak, 1 tablespoon salt, divided, 1 tablespoon ground black pepper, divided, 2 limes, 1/2 teaspoon chili powder, 1 large green bell pepper, cut into strips, 1 large red onion, cut into strips, 1 pinch salt and ground black pepper to taste, 1 (15 ounce) can black beans, rinsed and drained, 1 serving olive oil cooking spray, 1 (8 ounce) package shredded Mexican cheese blend, 1 (10 ounce) package flour tortillas.','Coat flank steak with 1 tablespoon each salt and pepper, press into steak, place in a large freezer bag, squeeze juice from limes into the bag, add chili powder, mix well and remove air, refrigerate for 3 hours, preheat grill to medium-high and oil grate, season bell pepper and onion with salt and pepper, place in a grill pan, heat black beans on medium in a small pot, grill steak for 5 to 7 minutes until browned, spray vegetables with cooking spray, grill vegetables until caramelized and steak is hot and slightly pink (140°F for medium), remove steak and vegetables, slice steak into thin strips, assemble beans, steak, vegetables, and cheese on tortillas and serve.'),(11,'Walnut Chocolate Chip Cookies',20,10,'This chocolate chip cookie recipe makes dozens of delicious cookies with crisp edges and chewy middles loaded with chocolate chips!',48,'1 cup butter, softened, 1 cup white sugar, 1 cup packed brown sugar, 2 large eggs, 2 teaspoons vanilla extract, 1 teaspoon baking soda, 2 teaspoons hot water, 1/2 teaspoon salt, 3 cups all-purpose flour, 2 cups semisweet chocolate chips, 1 cup chopped walnuts.','Gather ingredients, ensure butter is softened and eggs are room temperature, preheat oven to 350°F (175°C), beat butter, white sugar, and brown sugar with an electric mixer until smooth, beat in eggs one at a time, stir in vanilla, dissolve baking soda in hot water, add to batter along with salt, stir in flour, chocolate chips, and walnuts, drop spoonfuls of dough 2 inches apart onto ungreased baking sheets, bake until edges are browned, about 10 minutes, cool on baking sheets briefly, remove to a wire rack to cool completely, store in an airtight container or serve immediately and enjoy! '),(12,'Banana Bread',15,60,'This is the best banana bread recipe I have found. It is the most successful and versatile quick bread! You can also customize and use chunky applesauce or a 15-ounce can of pumpkin for wonderful variations.',15,'1 cup white sugar, 1/2 cup margarine, softened, 2 eggs, 1 1/2 cups mashed banana, 2 cups all-purpose flour, 1 teaspoon baking soda.','Beat sugar and margarine in a bowl until smooth, beat in eggs, then bananas, add flour and baking soda, stirring until combined, pour into the prepared pan, bake until a toothpick in the center comes out clean, about 1 hour, remove from the pan and let cool, store in the refrigerator or freeze.'),(13,'Sourdough Bread',20,40,' This sourdough bread recipe takes time to make as the dough is rested overnight, but its so worth the wait!',20,'1 1/2 cups warm water, 1 cup sourdough starter, 1/2 cup corn oil, 1/2 cup white sugar, 1 1/2 teaspoons salt, 6 cups bread flour.','Mix water, sourdough starter, oil, sugar, and salt in a large bowl, sift flour and add to the mixture, grease or oil dough and place in an oiled bowl, cover and let rise overnight, grease two 8 x 4-inch loaf pans the next day, knead dough for 10 minutes, divide in half and place into prepared pans, allow dough to double in size, preheat oven to 350°F (175°C), bake loaves until top is golden brown, about 40 to 45 minutes, carefully tip loaves out of pan, gently tap the bottom of the loaf, if it sounds hollow, bread is done.'),(14,'Lasagna',30,150,'This lasagna recipe takes a little work, but it is so satisfying and filling that its worth it!',12,'1 pound sweet Italian sausage, 3/4 pound lean ground beef, 1/2 cup minced onion, 2 cloves garlic, crushed, 1 (28 ounce) can crushed tomatoes, 2 (6.5 ounce) cans canned tomato sauce, 2 (6 ounce) cans tomato paste, 1/2 cup water, 2 tablespoons white sugar, 4 tablespoons chopped fresh parsley, divided, 1 1/2 teaspoons dried basil leaves, 1 1/2 teaspoons salt, divided, or to taste, 1 teaspoon Italian seasoning, 1/2 teaspoon fennel seeds, 1/4 teaspoon ground black pepper, 12 lasagna noodles, 16 ounces ricotta cheese, 1 egg, 3/4 pound mozzarella cheese, sliced, 3/4 cup grated Parmesan cheese.','Gather all ingredients, cook sausage, ground beef, onion, and garlic in a Dutch oven over medium heat until browned, stir in crushed tomatoes, tomato sauce, tomato paste, and water, season with sugar, 2 tablespoons parsley, basil, 1 teaspoon salt, Italian seasoning, fennel seeds, and pepper, simmer, covered, for about 1 1/2 hours, stirring occasionally, bring a large pot of salted water to a boil, cook lasagna noodles for 8 to 10 minutes, drain noodles, rinse with cold water, combine ricotta cheese with egg, remaining 2 tablespoons parsley, and 1/2 teaspoon salt, preheat oven to 375°F (190°C), spread 1 1/2 cups meat sauce in a 9x13-inch baking dish, arrange 6 noodles lengthwise, overlapping slightly, spread with 1/2 of the ricotta cheese mixture, top with 1/3 of the mozzarella cheese slices, spoon 1 1/2 cups meat sauce over mozzarella, sprinkle with 1/4 cup Parmesan cheese, repeat layers, top with remaining mozzarella and Parmesan cheese, cover with foil (spray foil with cooking spray or ensure foil doesnt touch cheese), bake for 25 minutes, remove foil, bake for an additional 25 minutes, rest lasagna for 15 minutes before serving.'),(15,'Apple Pie',30,60,' This amazing apple pie recipe belonged to my grandmother. I have never seen another one quite like it! It will always be my favorite and has won several first place prizes in local competitions. It makes the perfect dessert for family dinners or during the holidays.',8,'8 small Granny Smith apples, or as needed, 1/2 cup unsalted butter, 3 tablespoons all-purpose flour, 1/2 cup white sugar, 1/2 cup packed brown sugar, 1/4 cup water, 1 (9 inch) double-crust pie pastry, thawed.','Gather ingredients, preheat oven to 425°F (220°C), peel and core apples, thinly slice and set aside, press one pastry into the bottom and up the sides of a 9-inch pie pan, roll out remaining pastry to overhang the pie by 1/2 inch, cut pastry into eight 1-inch strips, place sliced apples into the bottom crust, forming a slight mound, lay four pastry strips vertically and evenly spaced over apples, use longer strips in the center and shorter strips at the edges, make a lattice crust by folding the first and third strips back, lay an unused strip perpendicularly over the second and fourth strips, unfold the first and third strips back, fold the second and fourth vertical strips back, lay another unused strip perpendicularly, unfold the second and fourth strips, repeat steps 6 and 7 to weave the last two strips, fold and trim excess dough at the edges, pinch to secure, slowly pour sugar-butter mixture over lattice, ensuring it seeps over apples, brush some onto lattice but avoid runoff, bake for 15 minutes, reduce temperature to 350°F (175°C) and continue baking until apples are soft, 35 to 45 minutes.'),(16,'Cheese Pizza',15,10,' This is a fantastic version of an Italian classic. The feta cheese adds a rich flavor that brings this dish to life. Incredibly easy and incredibly delicious!',8,'1/4 cup olive oil, 1 tablespoon minced garlic, 1/2 teaspoon sea salt, 8 Roma tomatoes, sliced, 2 (12 inch) pre-baked pizza crusts, 8 ounces shredded Mozzarella cheese, 4 ounces shredded Fontina cheese, 10 fresh basil leaves, washed, dried, 1/2 cup freshly grated Parmesan cheese, 1/2 cup crumbled feta cheese.','Stir together olive oil, garlic, and salt, toss with tomatoes, and allow to stand for 15 minutes, preheat oven to 400°F (200°C), brush each pizza crust with some of the tomato marinade, sprinkle pizzas evenly with Mozzarella and Fontina cheeses, arrange tomatoes overtop, sprinkle with shredded basil, Parmesan, and feta cheese, bake in preheated oven until cheese is bubbly and golden brown, about 10 minutes.'),(17,'Corn Bread',10,20,' This cornbread recipe is made from scratch with no mix. Its a real treat with chili, ribs, or barbecued chicken. You could even use this sweet, homemade cornbread to make stuffing for your Thanksgiving feast! My mom made this for me as a child, and now its my familys favorite. Serve with butter, jam, honey, or your favorite spread.',12,'1 cup all-purpose flour, 1 cup yellow cornmeal, 2/3 cup white sugar, 3 1/2 teaspoons baking powder, 1 teaspoon salt, 1 cup milk, 1/3 cup vegetable oil, 1 large egg.','Preheat oven to 400°F (200°C), lightly grease a 9-inch round cake pan, whisk flour, cornmeal, sugar, baking powder, and salt together in a large bowl, add milk, vegetable oil, and egg, whisk until well combined, pour batter into prepared pan, bake until a toothpick inserted into the center comes out clean, 20 to 25 minutes.'),(18,'Baked Chicken Breast',10,25,' Learn how to bake chicken thats tender, juicy, and perfect every time with this simple, 5-ingredient recipe for boneless, skinless chicken breasts. Adding just a bit of chicken broth to those beautiful pan drippings creates a tasty pan sauce that adds extra flavor at the table.',4,'4 (5 ounce) skinless, boneless chicken breast halves, 2 tablespoons olive oil, 1/2 teaspoon coarse sea salt, or to taste, 1 pinch Creole seasoning (such as Tony Chacheres®), or more to taste, 1 tablespoon chicken broth, or more to taste.','Gather ingredients, preheat oven to 400°F (200°C), rub chicken breasts with olive oil, sprinkle both sides with salt and Creole seasoning, place chicken in a broiler pan, bake for 10 minutes, flip chicken, cook until no longer pink in the center and juices run clear, about 15 minutes more, an instant-read thermometer should read at least 165°F (74°C), remove chicken to a plate, pour chicken broth into the pan, scrape browned bits off the bottom with a flat-edged wooden spatula, add more broth if needed but not too much, drizzle pan sauce over the chicken to serve.'),(19,'Mac and Cheese',15,60,' This baked mac and cheese is comforting, cheesy, and delicious. This recipe was given to me by my friend Katie. Its a family favorite!',6,'2 1/2 cups elbow macaroni, 1/4 cup butter, 1/4 cup all-purpose flour, 1/2 teaspoon salt, 4 cups milk, 1 pound shredded Cheddar cheese, 1/4 cup butter, melted, 1 sleeve buttery round crackers, crushed.','Preheat oven to 350°F (175°C), bring a large pot of lightly salted water to a boil, cook elbow macaroni until tender yet firm, about 8 minutes, drain well, melt 1/4 cup butter in a large saucepan over medium heat, stir in flour and salt, cook for 2 minutes, whisk in milk and simmer until mixture thickens, about 5 minutes, turn off heat, stir in Cheddar cheese in batches until melted, add macaroni and stir to coat, pour into a 9x13-inch baking dish, mix remaining 1/4 cup melted butter and crushed crackers together, scatter over macaroni mixture, bake until golden brown on top, about 45 minutes.'),(20,'Baked Pasta',15,55,' This oven-baked pasta is a favorite of my children, who request this recipe often.',8,'Cooking spray, 1 pound lean ground beef, 2 (15 ounce) cans tomato sauce, 12 ounces brown gravy, 1/2 cup half-and-half, 1/2 cup grated Parmesan cheese, 3 cloves garlic, minced, 1 teaspoon dried oregano, 1 teaspoon dried basil, 1 (16 ounce) package dry ziti pasta, 1 cup shredded mozzarella cheese.','Preheat oven to 350°F (175°C), grease a 9x13-inch baking dish with cooking spray, heat a large frying pan or Dutch oven over medium-high heat, cook ground beef until browned and crumbly, 5 to 7 minutes, add tomato sauce, gravy, half-and-half, Parmesan cheese, garlic, oregano, and basil, simmer for 30 minutes, meanwhile, bring a large pot of lightly salted water to a rolling boil, stir in ziti, cook until tender yet firm, 10 to 12 minutes, drain, stir ziti into meat sauce, spread into prepared baking dish, sprinkle with mozzarella cheese, bake until bubbly, 20 to 30 minutes.'),(21,'Steamed Broccoli',10,5,' A quick and simple recipe for steamed broccoli. Skip the bacon, swap olive oil for butter, toss in some cheese; whatever you like.',2,'1 head broccoli, cut into florets, 1 slice cooked bacon, chopped, 1 tablespoon butter, salt and ground black pepper to taste.','Place a steamer insert into a saucepan, fill with water just below the bottom of the steamer, bring water to a boil, add broccoli, cover, and steam until tender, 3 to 5 minutes, mix steamed broccoli, bacon, butter, salt, and pepper together in a bowl.'),(22,'Dumplings',20,60,' These Chinese dumplings are from Liana Cafe House in Seattles International District. They sell these traditional fried pork dumplings from a tiny takeout shop but with this recipe, you can see how to make them at home!',5,'1/2 cup soy sauce, 1 tablespoon seasoned rice vinegar, 1 tablespoon finely chopped Chinese chives, 1 tablespoon sesame seeds, 1 teaspoon chile-garlic sauce (such as Sriracha).','Prepare dipping sauce: Combine soy sauce, rice vinegar, chives, sesame seeds, and chile sauce in a small bowl, set aside. Prepare dumplings: Mix pork, garlic, egg, chives, soy sauce, sesame oil, and ginger in a large bowl until thoroughly combined, place a dumpling wrapper on a lightly floured surface, spoon about 1 tablespoon of filling in the middle, wet the edge with a little water, crimp together forming pleats to seal, repeat to form remaining dumplings. Heat 1 to 2 tablespoons vegetable oil in a large skillet over medium-high heat, place 8 to 10 dumplings in the pan, cook until browned, about 2 minutes per side, pour in 1 cup water, cover, cook until dumplings are tender and pork is cooked through, about 5 minutes, repeat for remaining dumplings, adding more oil and water for each batch.'),(23,'Steamed Fish with Ginger',15,10,' If you like fish or even anything about Chinese food youll love this recipe.',2,'1 pound halibut fillet, 1 teaspoon coarse sea salt or kosher salt, 1 tablespoon minced fresh ginger, 3 tablespoons thinly sliced green onion, 1 tablespoon dark soy sauce, 1 tablespoon light soy sauce, 1 tablespoon peanut oil, 2 teaspoons toasted sesame oil, 1/4 cup lightly packed fresh cilantro sprigs.','Pat halibut dry with paper towels, rub both sides of fillet with salt, scatter ginger over fish, place onto a heatproof ceramic dish, place in a bamboo steamer over gently boiling water, cover, steam for 10 to 12 minutes, pour accumulated water out of the dish, sprinkle with green onion, drizzle both soy sauces over the fish, heat peanut and sesame oils in a small skillet over medium-high heat until they begin to smoke, carefully pour hot oil over the fillet, garnish with cilantro sprigs, serve immediately.'),(24,'Vegetable Medley',10,15,' This garlic seasoned vegetables recipe simmers vegetables in chicken broth and fresh minced garlic to bring out the best flavor in whatever combination you choose.',6,'4 cups fresh cut up vegetables (broccoli, celery, bell peppers, carrots), 1 ¾ cups chicken broth (such as Swanson Chicken Broth or Swanson Certified Organic Chicken Broth or Swanson Natural Goodness Chicken Broth), 2 cloves garlic, minced.',' Bring vegetables, broth, and garlic to a boil in a 3-quart saucepan over medium-high heat. Reduce heat to low; cover, and cook until vegetables are crisp-tender, about 5 minutes. Drain vegetables well in a colander.'),(25,'Steamed Artichoke',5,25,'A simple recipe for artichokes steamed with butter and garlic. Serve with melted butter for dipping. You will need a pan with a steamer insert.',2,'2 whole artichokes, 2 tablespoons butter, 2 cloves garlic, sliced, salt and pepper to taste.','Fill the pan with enough water to cover bottom, bring to a boil over medium heat, while water is heating, trim and discard the stems and tough outer leaves of artichokes, tuck slivers of butter and slices of garlic into artichoke leaves, season with salt and pepper, when water is boiling, place steamer insert in pot and set artichokes in steamer, stem-side down, cover pot with lid, steam artichokes until tender, about 25 to 30 minutes.'),(26,'Steamed Rice',5,20,' Perfectly fluffy white rice on the stovetop.',4,'2 teaspoons unsalted butter, 1 cup uncooked long-grain white rice, 2 cups water, ½ teaspoon salt.',' Melt butter in a medium saucepan over medium heat, add rice and stir to coat, cook until rice grains begin to turn opaque, 1 to 2 minutes, do not brown, add water and salt, bring to a boil, reduce heat to low, cover and simmer for 15 minutes, do not lift the lid, remove from heat and let stand, covered, for 5 minutes, fluff with a fork before serving.'),(27,'Steamed Potatoes',15,10,' This brilliantly easy side dish recipe takes only 30 minutes to make! Simply steam baby potatoes then toss with a blend of melted butter, garlic, and fresh herbs. Done!',6,'3 pounds mini potatoes or russet potatoes, ½ cup melted butter, 1 tablespoon chopped parsley, 1-2 cloves garlic, minced, 1 teaspoon fresh chopped rosemary, 1 teaspoon fresh chopped thyme, 1 teaspoon fresh lemon zest, salt and pepper.',' Set a large 6-quart pot on the stovetop, place a steaming basket in the bottom of the pot, fill the pot with 1 inch of water, if using mini potatoes, cut larger potatoes in quarters and smaller potatoes in half, if using whole russet potatoes, cut into 1-inch cubes, place potatoes in the steam basket, cover pot, turn heat on high, once steam starts, set a timer for 10 minutes, check potatoes for fork-tenderness, if not, continue steaming for 2 to 3 minutes, meanwhile, chop all fresh herbs and zest a lemon, melt butter on stovetop or in microwave, mix in parsley, garlic, rosemary, thyme, and lemon zest, add ½ teaspoon salt and ¼ teaspoon black pepper, whisk well, once potatoes are fork-tender, carefully lift steam basket out of pot, dump potatoes into serving bowl, drizzle with garlic herb butter, gently stir to coat, serve warm.'),(28,'Steamed Mussels',15,10,' Less is more when it comes to cooking mussels! Use only fresh mussels, which are tightly closed when you buy them. If you cant find fresh mussels, make something else! Serve with slices of fresh crusty bread to soak up the delicious broth.',4,'2 tablespoons butter, ¼ cup shallots, minced, ¾ cup dry white wine, 3 pounds mussels, cleaned and debearded, ½ cup chopped fresh parsley, ground black pepper to taste.',' In a medium stock pot, heat butter over medium heat, add shallots and sauté until translucent, pour in wine and mussels, raise heat to medium/high, steam mussels until shells open, about 5 minutes, pour mussels and cooking liquid into a serving bowl, sprinkle with parsley and freshly ground black pepper to taste, serve immediately.'),(29,'Steamed Asparagus',5,5,' Steaming asparagus in the microwave is the best way to cook asparagus to enjoy its flavor. It comes out absolutely perfect. For the wine, we recommend Pinot Grigio.',4,'1 pound fresh asparagus spears, trimmed, ¼ cup white wine, 2 tablespoons butter.','Place asparagus in a microwave-safe dish, pour in wine, dot with butter, cover loosely, cook in the microwave on high until bright green and tender, about 3 minutes, allow to stand for 5 minutes before serving.'),(30,'Cranberry Pudding',20,115,' Easy to make and delicious to eat using just a few ingredients. This steamed pudding recipe is traditional at Christmas and is served with hard sauce.',6,'2 teaspoons baking soda, ½ cup hot water, ½ cup molasses, 1 tablespoon white sugar, 2 cups whole cranberries, 1 ½ cups all-purpose flour, 1 cup white sugar, ½ cup unsalted butter, ½ cup heavy cream, 1 teaspoon vanilla.','Dissolve baking soda in hot water in a large bowl, stir in molasses and 1 tablespoon sugar, then mix in cranberries and flour until well combined, pour into a greased 6-cup steamer mold, cover the mold and place it into a steamer basket over boiling water, cover the steaming pot, cook over medium heat for 1 hour before checking, but it will take about 1 ½ hours total, a toothpick inserted into pudding should come out clean, run a paring knife around the edges to loosen pudding and cool in the mold on a wire rack, just before serving, make hard sauce: heat 1 cup sugar, butter, cream, and vanilla in a small saucepan over medium heat, cook, stirring constantly, until heated through and smooth.'),(31,'Garlic Shrimp',10,10,'Sautéed garlic shrimp with herbs.',4,'Shrimp, Garlic, Butter, Parsley',' 1: Heat butter in a pan.  2: Add garlic and shrimp.  3: Cook until shrimp turns pink.'),(32,'Vegetable Stir-Fry',15,10,'A mix of fresh vegetables stir-fried.',3,'Carrots, Broccoli, Soy Sauce, Ginger',' 1: Heat oil in a pan.  2: Add vegetables and stir-fry.  3: Add soy sauce and cook for 2 minutes.'),(33,'Chicken Piccata',20,15,'Chicken in a lemon-caper sauce.',2,'Chicken, Lemon, Capers, Butter',' 1: Sauté chicken until golden.  2: Add lemon juice and capers.  3: Simmer for 5 minutes.'),(34,'Beef Stir-Fry',15,10,'Quick beef stir-fry with vegetables.',4,'Beef, Bell Peppers, Onions, Soy Sauce',' 1: Sauté beef strips until browned.  2: Add vegetables and stir-fry.  3: Add soy sauce and cook for 3 minutes.'),(35,'Mushroom Risotto',30,25,'Creamy risotto with mushrooms.',4,'Rice, Mushrooms, Parmesan, Stock',' 1: Sauté mushrooms until tender.  2: Add rice and cook.  3: Gradually add stock, stirring until creamy.'),(36,'Sautéed Spinach',5,5,'Simple sautéed spinach with garlic.',2,'Spinach, Garlic, Olive Oil',' 1: Heat oil in a pan.  2: Add garlic and spinach.  3: Cook until spinach wilts.'),(37,'Pasta Aglio e Olio',10,10,'Pasta with garlic and olive oil.',4,'Spaghetti, Garlic, Olive Oil, Parsley',' 1: Cook spaghetti.  2: Sauté garlic in olive oil.  3: Toss spaghetti with garlic oil.'),(38,'Egg Fried Rice',15,10,'Classic fried rice with eggs.',3,'Rice, Eggs, Soy Sauce, Peas',' 1: Sauté eggs until scrambled.  2: Add rice and stir-fry.  3: Add soy sauce and peas.'),(39,'Pork Tenderloin Medallions',20,15,'Pork medallions with a balsamic glaze.',4,'Pork Tenderloin, Balsamic Vinegar, Garlic',' 1: Sauté pork medallions until browned.  2: Add balsamic vinegar and garlic.  3: Simmer until sauce thickens.'),(40,'Zucchini Noodles',10,5,'Healthy zucchini noodles sautéed with garlic.',2,'Zucchini, Garlic, Olive Oil',' 1: Spiralize zucchini.  2: Sauté garlic in oil.  3: Add zucchini and cook until tender.');
/*!40000 ALTER TABLE `recipes` ENABLE KEYS */;
UNLOCK TABLES;

--
-- Table structure for table `sys_config`
--

DROP TABLE IF EXISTS `sys_config`;
/*!40101 SET @saved_cs_client     = @@character_set_client */;
/*!50503 SET character_set_client = utf8mb4 */;
CREATE TABLE `sys_config` (
  `variable` varchar(128) NOT NULL,
  `value` varchar(128) DEFAULT NULL,
  `set_time` timestamp NULL DEFAULT CURRENT_TIMESTAMP ON UPDATE CURRENT_TIMESTAMP,
  `set_by` varchar(128) DEFAULT NULL,
  PRIMARY KEY (`variable`)
) ENGINE=InnoDB DEFAULT CHARSET=utf8mb4 COLLATE=utf8mb4_0900_ai_ci;
/*!40101 SET character_set_client = @saved_cs_client */;

--
-- Dumping data for table `sys_config`
--

LOCK TABLES `sys_config` WRITE;
/*!40000 ALTER TABLE `sys_config` DISABLE KEYS */;
INSERT INTO `sys_config` VALUES ('diagnostics.allow_i_s_tables','OFF','2024-11-06 04:29:18',NULL),('diagnostics.include_raw','OFF','2024-11-06 04:29:18',NULL),('ps_thread_trx_info.max_length','65535','2024-11-06 04:29:18',NULL),('statement_performance_analyzer.limit','100','2024-11-06 04:29:18',NULL),('statement_performance_analyzer.view',NULL,'2024-11-06 04:29:18',NULL),('statement_truncate_len','64','2024-11-06 04:29:18',NULL);
/*!40000 ALTER TABLE `sys_config` ENABLE KEYS */;
UNLOCK TABLES;
/*!40103 SET TIME_ZONE=@OLD_TIME_ZONE */;

/*!40101 SET SQL_MODE=@OLD_SQL_MODE */;
/*!40014 SET FOREIGN_KEY_CHECKS=@OLD_FOREIGN_KEY_CHECKS */;
/*!40014 SET UNIQUE_CHECKS=@OLD_UNIQUE_CHECKS */;
/*!40101 SET CHARACTER_SET_CLIENT=@OLD_CHARACTER_SET_CLIENT */;
/*!40101 SET CHARACTER_SET_RESULTS=@OLD_CHARACTER_SET_RESULTS */;
/*!40101 SET COLLATION_CONNECTION=@OLD_COLLATION_CONNECTION */;
/*!40111 SET SQL_NOTES=@OLD_SQL_NOTES */;

-- Dump completed on 2024-12-01 20:14:34
